1,10000 S. Eggleston Ave. ,Chicago,IL
2,10100 S. Eggleston Ave. ,Chicago,IL
3,10100 S. Eggleston Ave. ,Chicago,IL
4,10100 S. Eggleston Ave. ,Chicago,IL
5,10100 S. Eggleston Ave. ,Chicago,IL
6,10100 S. Eggleston Ave. ,Chicago,IL
7,10100 S. Eggleston Ave. ,Chicago,IL
8,10100 S. Eggleston Ave. ,Chicago,IL
9,10100 S. Racine Ave. ,Chicago,IL
10,10200 S. Eggleston Ave. ,Chicago,IL
11,10200 S. Eggleston Ave. ,Chicago,IL
12,10200 S. Eggleston Ave. ,Chicago,IL
13,10200 S. Eggleston Ave. ,Chicago,IL
14,10200 S. Eggleston Ave. ,Chicago,IL
15,10200 S. Eggleston Ave. ,Chicago,IL
16,10300 S. Racine Ave. ,Chicago,IL
17,10300 S. Racine Ave. ,Chicago,IL
18,10300 S UNION AVE ,Chicago,IL
19,10300 S LOWE AVE ,Chicago,IL
20,1000 W. 103rd St. ,Chicago,IL
21,10400 S ARTESIAN AVE ,Chicago,IL
22,10400 S ARTESIAN AVE ,Chicago,IL
23,10400 S. Artesian Ave. ,Chicago,IL
24,10400 S. Artesian Ave. ,Chicago,IL
25,10500 S. Racine Ave. ,Chicago,IL
26,10500 S. Racine Ave. ,Chicago,IL
27,10600 S. Racine Ave. ,Chicago,IL
28,10700 S. Ave. N ,Chicago,IL
29,10700 S. Ave. N ,Chicago,IL
30,10700 S. Ave. N ,Chicago,IL
31,1100 W. 104th St. ,Chicago,IL
32,1100 W. 104th St. ,Chicago,IL
33,1100 W. 19th Pl. ,Chicago,IL
34,1100 E. 81st St. ,Chicago,IL
35,1100 E. 81st St. ,Chicago,IL
36,1100 E. 81st St. ,Chicago,IL
37,1100 E. 81st St. ,Chicago,IL
38,1100 W. 102nd St. ,Chicago,IL
39,1200 W. 97th St. ,Chicago,IL
40,1200 W. 97th St. ,Chicago,IL
41,1200 W. 97th St. ,Chicago,IL
42,1200 W. 97th St. ,Chicago,IL
43,1200 W. 97th St. ,Chicago,IL
44,1200 W. 97th St. ,Chicago,IL
45,1200 W. 97th St. ,Chicago,IL
46,1200 W. 97th St. ,Chicago,IL
47,1200 W. 97th St. ,Chicago,IL
48,1200 W. 97th St. ,Chicago,IL
49,1200 W. 97th St. ,Chicago,IL
50,1200 W. 97th Pl. ,Chicago,IL
51,1200 W. 97th Pl. ,Chicago,IL
52,1200 W. 97th Pl. ,Chicago,IL
53,1200 W. 97th St. ,Chicago,IL
54,1200 W. 97th St. ,Chicago,IL
55,1200 W. 97th St. ,Chicago,IL
56,1200 W. 97th Pl. ,Chicago,IL
57,1200 W. 97th Pl. ,Chicago,IL
58,1200 W. 97th Pl. ,Chicago,IL
59,1200 W. 97th St. ,Chicago,IL
60,1200 W. 97th St. ,Chicago,IL
61,1200 W. 97th Pl. ,Chicago,IL
62,12600 S YALE AVE ,Chicago,IL
63,12600 S YALE AVE ,Chicago,IL
64,1300 W. 97th St. ,Chicago,IL
65,1300 W. 97th St. ,Chicago,IL
66,1300 W. 97th St. ,Chicago,IL
67,1300 W. 97th St. ,Chicago,IL
68,1300 W. 97th St. ,Chicago,IL
69,1300 W. 97th St. ,Chicago,IL
70,1300 W. 97th St. ,Chicago,IL
71,1300 W. 97th St. ,Chicago,IL
72,1300 W. 97th St. ,Chicago,IL
73,1300 W. 97th St. ,Chicago,IL
74,1300 W. 97th St. ,Chicago,IL
75,1300 W. 97th St. ,Chicago,IL
76,1300 W. 97th St. ,Chicago,IL
77,1300 W. 97th Pl. ,Chicago,IL
78,1300 W. 97th Pl. ,Chicago,IL
79,1400 W. Touhy Ave. ,Chicago,IL
80,1400 W. Touhy Ave. ,Chicago,IL
81,1400 N. Oakley Blvd. ,Chicago,IL
82,1400 N. Oakley Blvd. ,Chicago,IL
83,1400 N. Oakley Blvd. ,Chicago,IL
84,1400 N. Oakley Blvd. ,Chicago,IL
85,1400 N ELK GROVE AVE,Chicago,IL
86,1400 N ELK GROVE AVE,Chicago,IL
87,100 W. 70th St. ,Chicago,IL
88,1500 S. St. Louis Ave.,Chicago,IL
89,1500 S. St. Louis Ave.,Chicago,IL
90,1500 N LAWLER AVE ,Chicago,IL
91,1500 N LAWLER AVE ,Chicago,IL
92,1500 N HONORE ST ,Chicago,IL
93,100 W. 70th St. ,Chicago,IL
94,1600 N Normandy Ave. ,Chicago,IL
95,1600 N Normandy Ave. ,Chicago,IL
96,1600 N Normandy Ave. ,Chicago,IL
97,1600 N Normandy Ave. ,Chicago,IL
98,1600 W. 37th St. ,Chicago,IL
99,1800 W. 34th St. ,Chicago,IL
100,1800 W. 34th St. ,Chicago,IL
101,1800 W. 34th St. ,Chicago,IL
102,1800 W. 34th St. ,Chicago,IL
103,1800 W. 34th St. ,Chicago,IL
104,1800 W. 34th St. ,Chicago,IL
105,1800 W. 34th St. ,Chicago,IL
106,1800 W. 34th St. ,Chicago,IL
107,1800 W. 34th St. ,Chicago,IL
108,1800 W. 34th St. ,Chicago,IL
109,1900 S CENTRAL PARK AVE,Chicago,IL
110,1900 W WINONA ST ,Chicago,IL
111,1900 W WINONA ST ,Chicago,IL
112,2000 W. Chase Ave. ,Chicago,IL
113,2000 W. Chase Ave. ,Chicago,IL
114,2100 W 68TH ST ,Chicago,IL
115,2100 N. Springfield Ave. ,Chicago,IL
116,2100 W. Agatite Ave. ,Chicago,IL
117,2100 W. Agatite Ave. ,Chicago,IL
118,2100 W. Agatite Ave. ,Chicago,IL
119,2100 N. Springfield Ave. ,Chicago,IL
120,2100 N. Springfield Ave. ,Chicago,IL
121,2100 N. Springfield Ave. ,Chicago,IL
122,2100 N. Springfield Ave. ,Chicago,IL
123,2100 N. Springfield Ave. ,Chicago,IL
124,2100 N. Springfield Ave. ,Chicago,IL
125,2100 N. Springfield Ave. ,Chicago,IL
126,2100 W. Grace St. ,Chicago,IL
127,2100 W. Sunnyside Ave. ,Chicago,IL
128,2100 W. Sunnyside Ave. ,Chicago,IL
129,2100 N. Maplewood Ave. ,Chicago,IL
130,2100 N. Maplewood Ave. ,Chicago,IL
131,2100 W. 54th Pl. ,Chicago,IL
132,2100 N. Maplewood Ave. ,Chicago,IL
133,2100 N. Maplewood Ave. ,Chicago,IL
134,2100 W. Agatite Ave. ,Chicago,IL
135,2100 W. Agatite Ave. ,Chicago,IL
136,2100 N. Avers Ave. ,Chicago,IL
137,2100 N. Avers Ave. ,Chicago,IL
138,2100 N. Maplewood Ave. ,Chicago,IL
139,2100 N. Maplewood Ave. ,Chicago,IL
140,2100 W. Sunnyside Ave. ,Chicago,IL
141,2100 W. Sunnyside Ave. ,Chicago,IL
142,2200 N. Maplewood Ave. ,Chicago,IL
143,2200 N. Maplewood Ave. ,Chicago,IL
144,2200 N. Maplewood Ave. ,Chicago,IL
145,2200 N. Maplewood Ave. ,Chicago,IL
146,2200 N. Maplewood Ave. ,Chicago,IL
147,2200 N. Maplewood Ave. ,Chicago,IL
148,2200 N. Maplewood Ave. ,Chicago,IL
149,2300 N. Maplewood Ave. ,Chicago,IL
150,2300 N. Maplewood Ave. ,Chicago,IL
151,2300 W. Jarvis Ave. ,Chicago,IL
152,2300 W. Jarvis Ave. ,Chicago,IL
153,2400 N. Talman Ave. ,Chicago,IL
154,2400 N. Talman Ave. ,Chicago,IL
155,2400 N. Talman Ave. ,Chicago,IL
156,2400 N. Francisco Ave. ,Chicago,IL
157,2400 N. Francisco Ave. ,Chicago,IL
158,2400 N. Francisco Ave. ,Chicago,IL
159,2400 N. Francisco Ave. ,Chicago,IL
160,2400 N. Francisco Ave. ,Chicago,IL
161,2400 N. Francisco Ave. ,Chicago,IL
162,2400 N. Francisco Ave. ,Chicago,IL
163,2400 N. Francisco AVE ,Chicago,IL
164,2400 N. Francisco AVE ,Chicago,IL
165,2400 N. Francisco AVE ,Chicago,IL
166,2400 N CAMPBELL AVE ,Chicago,IL
167,2400 N CAMPBELL AVE ,Chicago,IL
168,2400 N CAMPBELL AVE ,Chicago,IL
169,2400 N. Francisco Ave. ,Chicago,IL
170,2400 N. Francisco Ave. ,Chicago,IL
171,2400 N. Francisco Ave. ,Chicago,IL
172,2400 N. Francisco Ave. ,Chicago,IL
173,2400 N. Francisco Ave. ,Chicago,IL
174,2400 N. Francisco Ave. ,Chicago,IL
175,2400 N. Francisco Ave. ,Chicago,IL
176,2400 N. Talman Ave. ,Chicago,IL
177,2400 N CAMPBELL AVE ,Chicago,IL
178,2400 N. Talman Ave. ,Chicago,IL
179,2400 N. Talman Ave. ,Chicago,IL
180,2400 N CAMPBELL AVE ,Chicago,IL
181,2400 N. Hamlin Ave.** ,Chicago,IL
182,2400 N. Hamlin Ave.** ,Chicago,IL
183,2400 N. Hamlin Ave.** ,Chicago,IL
184,2500 N. Washtenaw Ave. ,Chicago,IL
185,2500 N. Washtenaw Ave. ,Chicago,IL
186,2500 N. Talman Ave. ,Chicago,IL
187,2500 N. Talman Ave. ,Chicago,IL
188,2500 N CAMPBELL AVE ,Chicago,IL
189,2500 N. Keeler Ave. ,Chicago,IL
190,2500 N. Keeler Ave. ,Chicago,IL
191,2500 N. Keeler Ave. ,Chicago,IL
192,2500 W. Shakespeare Ave. ,Chicago,IL
193,2500 W. Shakespeare Ave. ,Chicago,IL
194,2500 W. Shakespeare Ave. ,Chicago,IL
195,2500 W. Shakespeare Ave. ,Chicago,IL
196,2500 W. Shakespeare Ave. ,Chicago,IL
197,2500 W. Shakespeare Ave. ,Chicago,IL
198,2500 W. Shakespeare Ave. ,Chicago,IL
199,2600 W. Homer St. ,Chicago,IL
200,2600 W. Homer St. ,Chicago,IL
201,2600 N. Whipple St. ,Chicago,IL
202,2600 N. Whipple St. ,Chicago,IL
203,2600 W. Altgeld St. ,Chicago,IL
204,2600 W. Altgeld St. ,Chicago,IL
205,2600 N. Drake Ave. ,Chicago,IL
206,2600 W. Fullerton Ave. ,Chicago,IL
207,2600 W. Fullerton Ave. ,Chicago,IL
208,2600 S. Sacramento Ave. ,Chicago,IL
209,2600 S. Sacramento Ave. ,Chicago,IL
210,2600 N. Drake Ave. ,Chicago,IL
211,2600 N. Drake Ave. ,Chicago,IL
212,200 W 107TH ST ,Chicago,IL
213,2700 N. Drake Ave. ,Chicago,IL
214,2700 N. Drake Ave. ,Chicago,IL
215,2700 N. Whipple St. ,Chicago,IL
216,2700 N. Whipple St. ,Chicago,IL
217,2700 N. Whipple St. ,Chicago,IL
218,2700 N. Whipple St. ,Chicago,IL
219,2700 N. Whipple St. ,Chicago,IL
220,2700 N. Whipple St. ,Chicago,IL
221,2700 N. Whipple St. ,Chicago,IL
222,2700 N. Whipple St. ,Chicago,IL
223,2700 N. Whipple St. ,Chicago,IL
224,2700 N. Whipple St. ,Chicago,IL
225,2700 N. Whipple St. ,Chicago,IL
226,2700 N. Whipple St. ,Chicago,IL
227,2700 N. Whipple St. ,Chicago,IL
228,2700 N. Whipple St. ,Chicago,IL
229,2700 N. Whipple St. ,Chicago,IL
230,2700 N. Whipple St. ,Chicago,IL
231,2700 N. Whipple St. ,Chicago,IL
232,2700 N. Whipple St. ,Chicago,IL
233,2700 N. Whipple St. ,Chicago,IL
234,2700 N. Drake Ave. ,Chicago,IL
235,2700 N. Drake Ave. ,Chicago,IL
236,2700 N. Drake Ave. ,Chicago,IL
237,2700 N. Drake Ave. ,Chicago,IL
238,2700 N. Drake Ave. ,Chicago,IL
239,2700 N. Drake Ave. ,Chicago,IL
240,2700 N. Whipple St. ,Chicago,IL
241,2700 N. Whipple St. ,Chicago,IL
242,2700 N. Whipple St. ,Chicago,IL
243,2800 N. Christiana Ave. ,Chicago,IL
244,2800 N. Christiana Ave. ,Chicago,IL
245,2800 N. Christiana Ave. ,Chicago,IL
246,2800 N. Christiana Ave. ,Chicago,IL
247,2800 N. Christiana Ave. ,Chicago,IL
248,2800 N. Christiana Ave. ,Chicago,IL
249,2800 N. Christiana Ave. ,Chicago,IL
250,2800 N. Christiana Ave. ,Chicago,IL
251,2800 N. Christiana Ave. ,Chicago,IL
252,2800 N. Christiana Ave. ,Chicago,IL
253,2800 W. 40th St.** ,Chicago,IL
254,2800 W. 40th St.** ,Chicago,IL
255,2800 W. 40th St.** ,Chicago,IL
256,2800 N. Christiana Ave. ,Chicago,IL
257,2800 N. Christiana Ave. ,Chicago,IL
258,2900 W. 40th St. ,Chicago,IL
259,2900 W. 40th St. ,Chicago,IL
260,2900 N MOBILE AVE ,Chicago,IL
261,2900 N MOBILE AVE ,Chicago,IL
262,2900 W. Wilson Ave. ,Chicago,IL
263,2900 N GRESHAM AVE ,Chicago,IL
264,3000 W 41ST ST ,Chicago,IL
265,3000 W. Wilson Ave. ,Chicago,IL
266,3000 W. Diversey Ave. ,Chicago,IL
267,3000 W. Diversey Ave. ,Chicago,IL
268,3000 W. Diversey Ave. ,Chicago,IL
269,3000 W. Diversey Ave. ,Chicago,IL
270,3000 W. Diversey Ave. ,Chicago,IL
271,3000 W. Diversey Ave. ,Chicago,IL
272,3000 S. Homan Ave. ,Chicago,IL
273,3000 S. Homan Ave. ,Chicago,IL
274,3100 N. Rutherford Ave. ,Chicago,IL
275,3100 N. Ridgeway Ave. ,Chicago,IL
276,3100 N. Ridgeway Ave. ,Chicago,IL
277,3100 N. Ridgeway Ave. ,Chicago,IL
278,3100 N. Ridgeway Ave. ,Chicago,IL
279,3100 N. Ridgeway Ave. ,Chicago,IL
280,3100 N. Ridgeway Ave. ,Chicago,IL
281,3100 N. Ridgeway Ave. ,Chicago,IL
282,3100 N. Ridgeway Ave. ,Chicago,IL
283,3200 W Thomas St. ,Chicago,IL
284,3200 W Thomas St. ,Chicago,IL
285,3200 N NATCHEZ AVE ,Chicago,IL
286,3200 N. Nagle Ave. ,Chicago,IL
287,3200 N. Nagle Ave. ,Chicago,IL
288,3200 N. Nagle Ave. ,Chicago,IL
289,3200 N. Nagle Ave. ,Chicago,IL
290,3200 N. Nagle Ave. ,Chicago,IL
291,3200 N. Nagle Ave. ,Chicago,IL
292,3200 N. Nagle Ave. ,Chicago,IL
293,3200 N. Nagle Ave. ,Chicago,IL
294,3200 N. Nagle Ave. ,Chicago,IL
295,3200 W. Diversey Ave. ,Chicago,IL
296,3200 W. Diversey Ave. ,Chicago,IL
297,3200 W. Diversey Ave. ,Chicago,IL
298,3200 W. Diversey Ave. ,Chicago,IL
299,3200 W. Diversey Ave. ,Chicago,IL
300,3200 W. Diversey Ave. ,Chicago,IL
301,3200 W. Diversey Ave. ,Chicago,IL
302,3200 N. Nagle Ave. ,Chicago,IL
303,3200 N. Nagle Ave. ,Chicago,IL
304,3200 N. Nagle Ave. ,Chicago,IL
305,3200 N. Nagle Ave. ,Chicago,IL
306,3200 N. Nagle Ave. ,Chicago,IL
307,3200 N. Nagle Ave. ,Chicago,IL
308,3200 N. Nagle Ave. ,Chicago,IL
309,3300 N. Neva Ave. ,Chicago,IL
310,3300 N. Neva Ave. ,Chicago,IL
311,3300 W. 59th St. ,Chicago,IL
312,3300 W. 59th St. ,Chicago,IL
313,3300 W. 55th St. ,Chicago,IL
314,3300 N. Nagle Ave. ,Chicago,IL
315,3400 S. Marshfield Ave. ,Chicago,IL
316,3400 W. 12th Pl. ,Chicago,IL
317,3400 S. Marshfield Ave. ,Chicago,IL
318,3400 S. Marshfield Ave. ,Chicago,IL
319,3400 S. Marshfield Ave. ,Chicago,IL
320,3400 S. Marshfield Ave. ,Chicago,IL
321,3400 S. Marshfield Ave. ,Chicago,IL
322,3400 S. Marshfield Ave. ,Chicago,IL
323,3400 N. Kostner Ave. ,Chicago,IL
324,3400 N. Kostner Ave. ,Chicago,IL
325,3400 N. Kostner Ave. ,Chicago,IL
326,3400 N. Kostner Ave. ,Chicago,IL
327,3400 N. Kostner Ave. ,Chicago,IL
328,3400 W. 12th Pl. ,Chicago,IL
329,3400 W. 12th Pl. ,Chicago,IL
330,3400 W. 12th Pl. ,Chicago,IL
331,3400 W. 12th Pl. ,Chicago,IL
332,3400 W. 12th Pl. ,Chicago,IL
333,3400 W. 12th Pl. ,Chicago,IL
334,3400 W. 12th Pl. ,Chicago,IL
335,3400 S. Marshfield Ave. ,Chicago,IL
336,3400 S. Marshfield Ave. ,Chicago,IL
337,3400 S. Marshfield Ave. ,Chicago,IL
338,3400 S. Marshfield Ave. ,Chicago,IL
339,3400 S. Marshfield Ave. ,Chicago,IL
340,3400 S. Marshfield Ave. ,Chicago,IL
341,3400 N. Kostner Ave. ,Chicago,IL
342,3400 N. Kostner Ave. ,Chicago,IL
343,3400 N. Kostner Ave. ,Chicago,IL
344,3400 N. Kostner Ave. ,Chicago,IL
345,3500 N. Nagle Ave. ,Chicago,IL
346,3500 W. 12th Pl. ,Chicago,IL
347,3500 W. 12th Pl. ,Chicago,IL
348,3500 N. Nagle Ave. ,Chicago,IL
349,3500 N. Nagle Ave. ,Chicago,IL
350,3500 N. Nagle Ave. ,Chicago,IL
351,3500 N. Nagle Ave. ,Chicago,IL
352,3500 N. Nagle Ave. ,Chicago,IL
353,3500 N. Nagle Ave. ,Chicago,IL
354,3500 N. Nagle Ave. ,Chicago,IL
355,3500 S. Paulina St. ,Chicago,IL
356,3500 S. Paulina St. ,Chicago,IL
357,3600 W. 57th Pl. ,Chicago,IL
358,3600 W. 57th Pl. ,Chicago,IL
359,3600 W. 57th Pl. ,Chicago,IL
360,3600 W. 57th Pl. ,Chicago,IL
361,3600 W. 57th Pl. ,Chicago,IL
362,3600 W. 57th Pl. ,Chicago,IL
363,3600 W. 57th Pl. ,Chicago,IL
364,3600 W. 57th Pl. ,Chicago,IL
365,3600 W. 57th Pl. ,Chicago,IL
366,3600 S. Paulina St. ,Chicago,IL
367,3600 S. Paulina St. ,Chicago,IL
368,3600 S. Paulina St. ,Chicago,IL
369,3600 W. 57th Pl. ,Chicago,IL
370,3600 S. Paulina St. ,Chicago,IL
371,3600 S. Paulina St. ,Chicago,IL
372,3600 S. Paulina St. ,Chicago,IL
373,3600 S. Paulina St. ,Chicago,IL
374,3600 S. Paulina St. ,Chicago,IL
375,3600 S. Paulina St. ,Chicago,IL
376,3600 S. Paulina St. ,Chicago,IL
377,3600 S. Paulina St. ,Chicago,IL
378,3600 N. Drake Ave. ,Chicago,IL
379,3600 N. Drake Ave. ,Chicago,IL
380,3600 N. Drake Ave. ,Chicago,IL
381,3600 N. Drake Ave. ,Chicago,IL
382,3600 N. Drake Ave. ,Chicago,IL
383,3600 N. Drake Ave. ,Chicago,IL
384,3600 S. Paulina St. ,Chicago,IL
385,3600 S. Paulina St. ,Chicago,IL
386,3600 N. Whipple St. ,Chicago,IL
387,3600 N. Whipple St. ,Chicago,IL
388,3700 N. Whipple St. ,Chicago,IL
389,3700 N. Whipple St. ,Chicago,IL
390,3700 N. Drake Ave. ,Chicago,IL
391,3700 N. Drake Ave. ,Chicago,IL
392,3700 N GREENVIEW AVE ,Chicago,IL
393,3700 S. Michigan Ave. ,Chicago,IL
394,3700 W. 57th Pl. ,Chicago,IL
395,3700 W. 57th Pl. ,Chicago,IL
396,3700 N. Drake Ave. ,Chicago,IL
397,3700 N. Drake Ave. ,Chicago,IL
398,3700 N. Drake Ave. ,Chicago,IL
399,3700 N. Drake Ave. ,Chicago,IL
400,3700 W. Ferdinand St. ,Chicago,IL
401,3700 W. Ferdinand St. ,Chicago,IL
402,3700 W. Ferdinand St. ,Chicago,IL
403,3700 N GREENVIEW AVE ,Chicago,IL
404,3700 N GREENVIEW AVE ,Chicago,IL
405,3700 N. Drake Ave. ,Chicago,IL
406,3700 N. Drake Ave. ,Chicago,IL
407,3700 N WHIPPLE ST ,Chicago,IL
408,3700 N. Whipple St. ,Chicago,IL
409,3700 N. Whipple St. ,Chicago,IL
410,3700 W. 57th Pl. ,Chicago,IL
411,3700 W. 57th Pl. ,Chicago,IL
412,3700 N. Whipple St. ,Chicago,IL
413,3700 N. Whipple St. ,Chicago,IL
414,3700 N. Whipple St. ,Chicago,IL
415,3700 N. Whipple St. ,Chicago,IL
416,3700 N. Whipple St. ,Chicago,IL
417,3700 W. Eddy St. ,Chicago,IL
418,3700 W. Eddy St. ,Chicago,IL
419,3700 N. Whipple St. ,Chicago,IL
420,3700 N. Whipple St. ,Chicago,IL
421,3700 N. Whipple St. ,Chicago,IL
422,3700 N. Whipple St. ,Chicago,IL
423,3700 N. Whipple St. ,Chicago,IL
424,3700 N. Whipple St. ,Chicago,IL
425,3700 N. Whipple St. ,Chicago,IL
426,3700 N. Whipple St. ,Chicago,IL
427,3700 N. Whipple St. ,Chicago,IL
428,3700 N. Whipple St. ,Chicago,IL
429,3700 N. Whipple St. ,Chicago,IL
430,3700 N. Whipple St. ,Chicago,IL
431,3800 N. Kenneth Ave. ,Chicago,IL
432,3800 N. Kenneth Ave. ,Chicago,IL
433,3800 N. Whipple St. ,Chicago,IL
434,3800 N. Whipple St. ,Chicago,IL
435,3800 N. Whipple St. ,Chicago,IL
436,3800 N. Whipple St. ,Chicago,IL
437,3800 N. Whipple St. ,Chicago,IL
438,3800 N. Whipple St. ,Chicago,IL
439,3800 N. Whipple St. ,Chicago,IL
440,3800 N. Whipple St. ,Chicago,IL
441,3800 N. Whipple St. ,Chicago,IL
442,3800 N. Whipple St. ,Chicago,IL
443,3800 N. Drake Ave. ,Chicago,IL
444,3800 N. Drake Ave. ,Chicago,IL
445,3800 N. Kedvale Ave. ,Chicago,IL
446,3800 N. Kedvale Ave. ,Chicago,IL
447,3800 N. Kedvale Ave. ,Chicago,IL
448,3800 N. Kedvale Ave. ,Chicago,IL
449,3800 N. Kedvale Ave. ,Chicago,IL
450,3800 N ALTA VISTA TER.,Chicago,IL
451,3900 N. Whipple St. ,Chicago,IL
452,3900 N. Whipple St. ,Chicago,IL
453,3900 N. Whipple St. ,Chicago,IL
454,3900 N. Whipple St. ,Chicago,IL
455,3900 N. Whipple St. ,Chicago,IL
456,3900 N. Whipple St. ,Chicago,IL
457,3900 W. 57th Pl. ,Chicago,IL
458,3900 W. 57th Pl. ,Chicago,IL
459,4000 W. Carroll Ave. ,Chicago,IL
460,4000 W. Carroll Ave. ,Chicago,IL
461,4000 W. Carroll Ave. ,Chicago,IL
462,4000 W. Carroll Ave. ,Chicago,IL
463,4000 W. Carroll Ave. ,Chicago,IL
464,4000 W. Carroll Ave. ,Chicago,IL
465,4000 W. Carroll Ave. ,Chicago,IL
466,4000 W. Carroll Ave. ,Chicago,IL
467,4000 W. Carroll Ave. ,Chicago,IL
468,4000 W. Carroll Ave. ,Chicago,IL
469,4100 N DRAKE AVE ,Chicago,IL
470,4100 N DRAKE AVE ,Chicago,IL
471,4100 N. Troy St. ,Chicago,IL
472,4100 N. Troy St. ,Chicago,IL
473,4100 S. Michigan Ave. ,Chicago,IL
474,4100 S. Michigan Ave. ,Chicago,IL
475,4100 S. Michigan Ave. ,Chicago,IL
476,4100 S. Michigan Ave. ,Chicago,IL
477,400 W. 103rd St. ,Chicago,IL
478,400 W. 103rd St. ,Chicago,IL
479,4100 N HAMLIN AVE ,Chicago,IL
480,4100 N LEAMINGTON AVE ,Chicago,IL
481,4100 N LEAMINGTON AVE ,Chicago,IL
482,400 W. 101st Pl. ,Chicago,IL
483,400 W. 101st Pl. ,Chicago,IL
484,400 W. 101st Pl. ,Chicago,IL
485,400 W. 101st Pl. ,Chicago,IL
486,400 W. 101st Pl. ,Chicago,IL
487,400 W. 101st Pl. ,Chicago,IL
488,400 W. 101st Pl. ,Chicago,IL
489,4200 N HAMLIN AVE ,Chicago,IL
490,4200 N LAWNDALE AVE ,Chicago,IL
491,4200 N HAMLIN AVE ,Chicago,IL
492,4200 N HAMLIN AVE ,Chicago,IL
493,4200 S. Indiana Ave. ,Chicago,IL
494,4200 S. Indiana Ave. ,Chicago,IL
495,4200 N. Hamlin Ave. ,Chicago,IL
496,4200 N. Hamlin Ave. ,Chicago,IL
497,4200 N HAMLIN AVE ,Chicago,IL
498,400 W. 101st Pl. ,Chicago,IL
499,400 W. 101st Pl. ,Chicago,IL
500,4200 W. Hirsch St. ,Chicago,IL
501,4200 W. Hirsch St. ,Chicago,IL
502,4200 N HAMLIN AVE ,Chicago,IL
503,400 W 103RD ST ,Chicago,IL
504,4200 N HAMLIN AVE ,Chicago,IL
505,400 W. 101st Pl. ,Chicago,IL
506,400 W. 101st Pl. ,Chicago,IL
507,400 W. 101st Pl. ,Chicago,IL
508,400 W. 101st Pl. ,Chicago,IL
509,400 W. 101st Pl. ,Chicago,IL
510,4300 N HAMLIN AVE ,Chicago,IL
511,4300 N MASON AVE ,Chicago,IL
512,4300 N MASON AVE ,Chicago,IL
513,4300 N. Campbell Ave. ,Chicago,IL
514,4300 N. Campbell Ave. ,Chicago,IL
515,4300 W SCHOOL ST ,Chicago,IL
516,4300 N HAMLIN AVE ,Chicago,IL
517,4300 N HAMLIN AVE ,Chicago,IL
518,4300 N HAMLIN AVE ,Chicago,IL
519,4300 W IRVING PARK RD,Chicago,IL
520,4300 W IRVING PARK RD,Chicago,IL
521,400 W. 102nd St. ,Chicago,IL
522,400 W. 102nd St. ,Chicago,IL
523,400 W. 80th St. ,Chicago,IL
524,400 W. 101st Pl. ,Chicago,IL
525,400 W. 101st Pl. ,Chicago,IL
526,400 W. 101st Pl. ,Chicago,IL
527,400 W. 101st Pl. ,Chicago,IL
528,4400 N. Hamilton Ave. ,Chicago,IL
529,4400 N. Hamilton Ave. ,Chicago,IL
530,4400 N. Sacramento Ave. ,Chicago,IL
531,4400 N. Albany Ave. ,Chicago,IL
532,4400 N. Albany Ave. ,Chicago,IL
533,4400 S. Indiana Ave. ,Chicago,IL
534,4400 S. Indiana Ave. ,Chicago,IL
535,4400 N. Sacramento Ave. ,Chicago,IL
536,4400 S. Indiana Ave. ,Chicago,IL
537,4400 S. Indiana Ave. ,Chicago,IL
538,4400 N. Sacramento Ave. ,Chicago,IL
539,4400 N. Albany Ave. ,Chicago,IL
540,4400 N. Whipple St. ,Chicago,IL
541,4400 N. Sacramento Ave. ,Chicago,IL
542,4400 N. Albany Ave. ,Chicago,IL
543,4400 N. Albany Ave. ,Chicago,IL
544,4400 N. Whipple St. ,Chicago,IL
545,4400 N. Sacramento Ave. ,Chicago,IL
546,4400 W. Grehaw St. ,Chicago,IL
547,4400 W. Grehaw St. ,Chicago,IL
548,4400 N MULLIGAN AVE ,Chicago,IL
549,4400 N MULLIGAN AVE ,Chicago,IL
550,4500 N. Sacramento Ave. ,Chicago,IL
551,4500 N. Sacramento Ave. ,Chicago,IL
552,4500 N. Sacramento Ave. ,Chicago,IL
553,4500 N. Albany Ave. ,Chicago,IL
554,4500 N. Albany Ave. ,Chicago,IL
555,4500 N. Albany Ave. ,Chicago,IL
556,4500 N. Albany Ave. ,Chicago,IL
557,4500 N. Albany Ave. ,Chicago,IL
558,4500 N. Albany Ave. ,Chicago,IL
559,4500 N. Albany Ave. ,Chicago,IL
560,4500 N. Albany Ave. ,Chicago,IL
561,4500 N. Albany Ave. ,Chicago,IL
562,4500 N. Albany Ave. ,Chicago,IL
563,4500 N SPAULDING AVE ,Chicago,IL
564,4500 N SPAULDING AVE ,Chicago,IL
565,4500 N. Sacramento Ave. ,Chicago,IL
566,4500 N. Whipple St. ,Chicago,IL
567,4500 N. Whipple St. ,Chicago,IL
568,4500 N. Whipple St. ,Chicago,IL
569,4500 N. Whipple St. ,Chicago,IL
570,4500 N. Whipple St. ,Chicago,IL
571,4500 N. Sacramento Ave. ,Chicago,IL
572,4500 N. Sacramento Ave. ,Chicago,IL
573,4500 N. Whipple St. ,Chicago,IL
574,4500 N. Albany Ave. ,Chicago,IL
575,4500 N. Albany Ave. ,Chicago,IL
576,4500 N. Sacramento Ave. ,Chicago,IL
577,4500 N. Sacramento Ave. ,Chicago,IL
578,4600 N LECLAIRE AVE ,Chicago,IL
579,4600 N LECLAIRE AVE ,Chicago,IL
580,4700 N. Sacramento Ave. ,Chicago,IL
581,4700 N. Sacramento Ave. ,Chicago,IL
582,4800 N MARRIMAC AVE ,Chicago,IL
583,4800 N MARRIMAC AVE ,Chicago,IL
584,4800 N MAGNOLIA AVE ,Chicago,IL
585,4800 W. Eddy St. ,Chicago,IL
586,4800 W. Eddy St. ,Chicago,IL
587,4900 N GLENWOOD AVE ,Chicago,IL
588,4900 W. Cortez St. ,Chicago,IL
589,4900 N MAGNOLIA AVE ,Chicago,IL
590,4900 N MAGNOLIA AVE ,Chicago,IL
591,4900 W. Superior St. ,Chicago,IL
592,4900 W. Walton St. ,Chicago,IL
593,4900 W. Walton St. ,Chicago,IL
594,5000 N. Neenah Ave. ,Chicago,IL
595,5000 N. Neenah Ave. ,Chicago,IL
596,5000 W BALMORAL AVE ,Chicago,IL
597,5000 W BALMORAL AVE ,Chicago,IL
598,5000 N WINCHESTER AVE ,Chicago,IL
599,5000 N WINCHESTER AVE ,Chicago,IL
600,5000 N WINCHESTER AVE ,Chicago,IL
601,5100 N WINCHESTER AVE ,Chicago,IL
602,5100 N WINCHESTER AVE ,Chicago,IL
603,5100 S MORGAN ST ,Chicago,IL
604,5100 S LONG AVE ,Chicago,IL
605,5100 S LONG AVE ,Chicago,IL
606,5200 S MORGAN ST ,Chicago,IL
607,5200 S MORGAN ST ,Chicago,IL
608,5200 W. Congress Pkwy. ,Chicago,IL
609,5200 W. Congress Pkwy. ,Chicago,IL
610,5200 W. Congress Pkwy. ,Chicago,IL
611,5200 W. Congress Pkwy. ,Chicago,IL
612,5200 W. Congress Pkwy. ,Chicago,IL
613,5300 N. Bernard St.** ,Chicago,IL
614,5300 N. Bernard St.** ,Chicago,IL
615,5300 N. Bernard St.** ,Chicago,IL
616,5300 N. Bernard St.** ,Chicago,IL
617,5300 W. Congress Pkwy. ,Chicago,IL
618,5300 W. Congress Pkwy. ,Chicago,IL
619,5300 W. Congress Pkwy. ,Chicago,IL
620,5300 W. Congress Pkwy. ,Chicago,IL
621,5300 N LATROBE AVE ,Chicago,IL
622,5300 N LATROBE AVE ,Chicago,IL
623,5300 W. Congress Pkwy. ,Chicago,IL
624,5300 W. Congress Pkwy. ,Chicago,IL
625,5300 N LIEB AVE ,Chicago,IL
626,5300 N LIEB AVE ,Chicago,IL
627,5300 N LIEB AVE ,Chicago,IL
628,5300 S MORGAN ST ,Chicago,IL
629,5300 W. Congress Pkwy. ,Chicago,IL
630,5300 W. Congress Pkwy. ,Chicago,IL
631,5300 S SPAULDING AVE ,Chicago,IL
632,5400 S MORGAN ST ,Chicago,IL
633,5400 W. Congress Pkwy. ,Chicago,IL
634,5400 W. Congress Pkwy. ,Chicago,IL
635,5400 W. Congress Pkwy. ,Chicago,IL
636,5400 W. Congress Pkwy. ,Chicago,IL
637,5400 N LOTUS AVE ,Chicago,IL
638,5400 N LOTUS AVE ,Chicago,IL
639,5400 S. Seeley Ave. ,Chicago,IL
640,5400 S MORGAN ST ,Chicago,IL
641,5400 W. Congress Pkwy. ,Chicago,IL
642,5400 W. Congress Pkwy. ,Chicago,IL
643,5400 W. Congress Pkwy. ,Chicago,IL
644,5400 W. Congress Pkwy. ,Chicago,IL
645,5400 W. Congress Pkwy. ,Chicago,IL
646,5400 W. Congress Pkwy. ,Chicago,IL
647,5400 W. Congress Pkwy. ,Chicago,IL
648,5400 S. Hoyne Ave. ,Chicago,IL
649,5400 W. Congress Pkwy. ,Chicago,IL
650,5400 W. Congress Pkwy. ,Chicago,IL
651,5400 S SPAULDING AVE ,Chicago,IL
652,5400 W. Congress Pkwy. ,Chicago,IL
653,5400 S. Seeley Ave. ,Chicago,IL
654,5600 S. Christiana Ave. ,Chicago,IL
655,5600 S. Christiana Ave. ,Chicago,IL
656,5600 S. Christiana Ave. ,Chicago,IL
657,5600 S. Christiana Ave. ,Chicago,IL
658,5700 S. Christiana Ave. ,Chicago,IL
659,5700 S CHRISTIANA AVE ,Chicago,IL
660,5700 S. Christiana Ave. ,Chicago,IL
661,5700 N MELVINA AVE ,Chicago,IL
662,5700 S. Oak Park Ave.,Chicago,IL
663,5700 S. Oak Park Ave.,Chicago,IL
664,5700 S. Oak Park Ave.,Chicago,IL
665,5700 W. Midway Park ,Chicago,IL
666,5700 W. Midway Park ,Chicago,IL
667,5700 W. Race Ave. ,Chicago,IL
668,5700 W. Race Ave. ,Chicago,IL
669,5700 W. Race Ave. ,Chicago,IL
670,5700 W. Midway Park ,Chicago,IL
671,5700 W. Midway Park ,Chicago,IL
672,5800 W BYRON ST ,Chicago,IL
673,5800 S. Christiana Ave. ,Chicago,IL
674,5800 S. Rutherford Ave. ,Chicago,IL
675,5800 S. Rutherford Ave. ,Chicago,IL
676,5800 S. Rutherford Ave. ,Chicago,IL
677,5800 S. Rutherford Ave. ,Chicago,IL
678,5800 S. Rutherford Ave. ,Chicago,IL
679,5900 S. Campbell Ave. ,Chicago,IL
680,6000 S. Campbell Ave. ,Chicago,IL
681,6000 S. Moody Ave. ,Chicago,IL
682,6000 S. Moody Ave. ,Chicago,IL
683,6000 S. Campbell Ave. ,Chicago,IL
684,6000 N. Leader Ave. ,Chicago,IL
685,6000 N. Leader Ave. ,Chicago,IL
686,6000 S. Campbell Ave. ,Chicago,IL
687,6000 S. Kolin Ave. ,Chicago,IL
688,6000 S. Kolin Ave. ,Chicago,IL
689,6000 S. Campbell Ave. ,Chicago,IL
690,6000 S. Campbell Ave. ,Chicago,IL
691,6000 S. Campbell Ave. ,Chicago,IL
692,6100S. Campbell Ave.  ,Chicago,IL
693,6100 S. Moody Ave. ,Chicago,IL
694,6100 S. Moody Ave. ,Chicago,IL
695,6100 W LELAND AVE ,Chicago,IL
696,6100 W LELAND AVE ,Chicago,IL
697,6200 W GRAND AVE ,Chicago,IL
698,6200 W GRAND AVE ,Chicago,IL
699,6200 S. Campbell Ave. ,Chicago,IL
700,6200 N. Kirkwood Ave. ,Chicago,IL
701,6200 N. Kirkwood Ave. ,Chicago,IL
702,6300 S Kilpatrick Ave. ,Chicago,IL
703,6300 S Kilpatrick Ave. ,Chicago,IL
704,6300 S Kilpatrick Ave. ,Chicago,IL
705,6300 S Kilpatrick Ave. ,Chicago,IL
706,6300 S Kilpatrick Ave. ,Chicago,IL
707,6300 S Kilpatrick Ave. ,Chicago,IL
708,6300 S Kilpatrick Ave. ,Chicago,IL
709,6300 S. Kilpatrick Ave. ,Chicago,IL
710,6300 S. Kilpatrick Ave. ,Chicago,IL
711,6300 S. Kilpatrick Ave. ,Chicago,IL
712,6300 S. Kilpatrick Ave. ,Chicago,IL
713,6300 S. Kilpatrick Ave. ,Chicago,IL
714,6300 S. Kilpatrick Ave. ,Chicago,IL
715,6300 S. Kilpatrick Ave. ,Chicago,IL
716,6400 S. Kilpatrick Ave. ,Chicago,IL
717,6400 S. Kilpatrick Ave. ,Chicago,IL
718,6400 S. Maplewood Ave. ,Chicago,IL
719,6400 S. Maplewood Ave. ,Chicago,IL
720,600 W 103RD ST ,Chicago,IL
721,6500 S. Kilpatrick Ave. ,Chicago,IL
722,6500 S. Kilpatrick Ave. ,Chicago,IL
723,6500 S. Rockwell St. ,Chicago,IL
724,6500 S. Maryland Ave. ,Chicago,IL
725,6500 S. Maryland Ave. ,Chicago,IL
726,6500 S. Maryland Ave. ,Chicago,IL
727,6500 S. Maryland Ave. ,Chicago,IL
728,6500 S. Maryland Ave. ,Chicago,IL
729,6500 S. Maryland Ave. ,Chicago,IL
730,6500 S. Kilpatrick Ave. ,Chicago,IL
731,6500 S. Kilpatrick Ave. ,Chicago,IL
732,6500 S. Kilpatrick Ave. ,Chicago,IL
733,6500 S. Kilpatrick Ave. ,Chicago,IL
734,6600 S. Kilpatrick Ave. ,Chicago,IL
735,6600 S. Kilpatrick Ave. ,Chicago,IL
736,6600 S. Kilpatrick Ave. ,Chicago,IL
737,6600 S. Kilpatrick Ave. ,Chicago,IL
738,6600 S. Kilpatrick Ave. ,Chicago,IL
739,6600 S. Kilpatrick Ave. ,Chicago,IL
740,6600 S. Kilpatrick Ave. ,Chicago,IL
741,6600 S. Kilpatrick Ave. ,Chicago,IL
742,6600 S. Kilpatrick Ave. ,Chicago,IL
743,6600 S. Kilpatrick Ave. ,Chicago,IL
744,6600 S. Kilpatrick Ave. ,Chicago,IL
745,6600 S. Kilpatrick Ave. ,Chicago,IL
746,6600 S. Kilpatrick Ave. ,Chicago,IL
747,6600 S. Kilpatrick Ave. ,Chicago,IL
748,6600 S. Kilpatrick Ave. ,Chicago,IL
749,6600 S. Kilpatrick Ave. ,Chicago,IL
750,6600 S. Kilpatrick Ave. ,Chicago,IL
751,6600 S. Kilpatrick Ave. ,Chicago,IL
752,6600 S. Kilpatrick Ave. ,Chicago,IL
753,6600 S. Kilpatrick Ave. ,Chicago,IL
754,6600 S. Kilpatrick Ave. ,Chicago,IL
755,6600 N ODELL AVE ,Chicago,IL
756,6600 N ODELL AVE ,Chicago,IL
757,6700 W. 64th St. ,Chicago,IL
758,6700 W. 64th St. ,Chicago,IL
759,6700 N. Jean Ave. ,Chicago,IL
760,6700 N. Jean Ave. ,Chicago,IL
761,6700 N. Jean Ave. ,Chicago,IL
762,6700 N. Jean Ave. ,Chicago,IL
763,6700 N. Jean Ave. ,Chicago,IL
764,6700 N. Jean Ave. ,Chicago,IL
765,6700 N. Jean Ave. ,Chicago,IL
766,6700 N. Jean Ave. ,Chicago,IL
767,6824 S. Normal Blvd. ,Chicago,IL
768,7000 S. Perry Ave. ,Chicago,IL
769,7100 S. Honore St. ,Chicago,IL
770,7100 S. Honore St. ,Chicago,IL
771,7100 S. Honore St. ,Chicago,IL
772,7100 S. Honore St. ,Chicago,IL
773,7100 S. Rockwell St. ,Chicago,IL
774,7100 S. Honore St. ,Chicago,IL
775,7100 S. Honore St. ,Chicago,IL
776,7200 S CRANDON AVE ,Chicago,IL
777,7200 S CRANDON AVE ,Chicago,IL
778,7200 N. Claremont Ave. ,Chicago,IL
779,7200 N. Claremont Ave. ,Chicago,IL
780,7200 W FITCH  ,Chicago,IL
781,7200 W FITCH  ,Chicago,IL
782,7200 S. Rockwell St. ,Chicago,IL
783,7200 S. Rockwell St. ,Chicago,IL
784,0 E. 37th Pl. ,Chicago,IL
785,7300 S. Honore St. ,Chicago,IL
786,7300 S. Honore St. ,Chicago,IL
787,7300 S. Honore St. ,Chicago,IL
788,7300 S. Rockwell St. ,Chicago,IL
789,7300 S. Rockwell St. ,Chicago,IL
790,7300 S. Rockwell St. ,Chicago,IL
791,7300 S. Rockwell St. ,Chicago,IL
792,7300 S ROCKWELL ST ,Chicago,IL
793,7400 S. Calumet Ave. ,Chicago,IL
794,7400 S. Calumet Ave. ,Chicago,IL
795,7700 S WABASH AVE ,Chicago,IL
796,7700 S WABASH AVE ,Chicago,IL
797,7800 S MERRILL AVE ,Chicago,IL
798,8000 S WABASH AVE ,Chicago,IL
799,8000 S. Avalon Ave. ,Chicago,IL
800,8000 S. Avalon Ave. ,Chicago,IL
801,8000 S. Avalon Ave. ,Chicago,IL
802,8000 S. Avalon Ave. ,Chicago,IL
803,8000 S. Avalon Ave. ,Chicago,IL
804,8000 S. Avalon Ave. ,Chicago,IL
805,8000 S. Avalon Ave. ,Chicago,IL
806,8100 S. Champlain Ave. ,Chicago,IL
807,8100 S. Champlain Ave. ,Chicago,IL
808,8100 S. Avalon Ave. ,Chicago,IL
809,8100 S. Avalon Ave. ,Chicago,IL
810,8200 S. Avalon Ave. ,Chicago,IL
811,8200 S. Avalon Ave. ,Chicago,IL
812,8200 S. Kingston Ave. ,Chicago,IL
813,8200 S. Kingston Ave. ,Chicago,IL
814,8200 S. Kingston Ave. ,Chicago,IL
815,8200 S. Kingston Ave. ,Chicago,IL
816,8200 S. Avalon Ave. ,Chicago,IL
817,8200 S. Avalon Ave. ,Chicago,IL
818,8200 S. Avalon Ave. ,Chicago,IL
819,8200 S. Avalon Ave. ,Chicago,IL
820,8200 S. Avalon Ave. ,Chicago,IL
821,8200 S. Avalon Ave. ,Chicago,IL
822,8200 S. Avalon Ave. ,Chicago,IL
823,8200 S. Avalon Ave. ,Chicago,IL
824,8200 S. Avalon Ave. ,Chicago,IL
825,8300 S HOYNE AVE ,Chicago,IL
826,8300 S HOYNE AVE ,Chicago,IL
827,800 N. Lavergne Ave. ,Chicago,IL
828,800 N. Lavergne Ave. ,Chicago,IL
829,800 N. Lavergne Ave. ,Chicago,IL
830,800 N. Lavergne Ave. ,Chicago,IL
831,800 N. Lavergne Ave. ,Chicago,IL
832,8900 S. Hamilton Ave. ,Chicago,IL
833,8900 S. Hamilton Ave. ,Chicago,IL
834,9000 S. Hamilton Ave. ,Chicago,IL
835,9000 S. Hamilton Ave. ,Chicago,IL
836,9100 S. Hamilton Ave. ,Chicago,IL
837,9100 S DREXEL AVE ,Chicago,IL
838,900 N. Lavergne Ave. ,Chicago,IL
839,900 N. Lavergne Ave. ,Chicago,IL
840,900 N LEAMINGTON AVE ,Chicago,IL
841,900 N LEAMINGTON AVE ,Chicago,IL
842,900 N. Lavergne Ave. ,Chicago,IL
843,900 N. Lavergne Ave. ,Chicago,IL
844,9500 S INDIANA AVE ,Chicago,IL
845,9600 S CHARLES ST ,Chicago,IL
